,operator,well_name,latitude,longitude,API.1
0,CONTINENTAL RESOURCES,Atlanta 1-6H,"48°06'33.670""N","103°43'53.570""W",33-105-02732
1,CONTINENTAL RESOURCES,Atlanta 1-6H,"48°06'33.670""N","103°43'53.570""W",33-105-02732
2,CONTINENTAL RESOURCES,Atlanta 1-6H,"48°06'33.670""N","103°43'53.570""W",33-105-02732
3,CONTINENTAL RESOURCES,Atlanta 1-6H,"48°06'33.670""N","103°43'53.570""W",33-105-02732
4,INC.,Atlanta 1-6H,"48°06'33.670""N","103°43'53.570""W",33-105-02732
5,INC.,Atlanta 1-6H,"48°06'33.670""N","103°43'53.570""W",33-105-02732
6,INC.,Atlanta 1-6H,"48°06'33.670""N","103°43'53.570""W",33-105-02732
7,INC.,Atlanta 1-6H,"48°06'33.670""N","103°43'53.570""W",33-105-02732
8,CONTINENTAL RESOURCES,Atlanta Federal 6-6H (Atlanta 14 Well Eco Pad),"48°06'33.379""N","103°43'56.960""W",33-105-02727
9,CONTINENTAL RESOURCES,Atlanta Federal 6-6H (Atlanta 14 Well Eco Pad),"48°06'33.379""N","103°43'47.971""W",33-105-02727
10,CONTINENTAL RESOURCES,Atlanta Federal 6-6H (Atlanta 14 Well Eco Pad),"48°06'33.379""N","103°43'47.971""W",33-105-02727
11,CONTINENTAL RESOURCES,Atlanta Federal 6-6H (Atlanta 14 Well Eco Pad),"48°06'33.661""N","103°43'56.960""W",33-105-02727
12,CONTINENTAL RESOURCES,Atlanta Federal 6-6H (Atlanta 14 Well Eco Pad),"48°06'33.661""N","103°43'47.971""W",33-105-02727
13,CONTINENTAL RESOURCES,Atlanta Federal 6-6H (Atlanta 14 Well Eco Pad),"48°06'33.661""N","103°43'47.971""W",33-105-02727
14,CONTINENTAL RESOURCES,Atlanta Federal 6-6H (Atlanta 14 Well Eco Pad),"48°06'33.661""N","103°43'56.960""W",33-105-02727
15,CONTINENTAL RESOURCES,Atlanta Federal 6-6H (Atlanta 14 Well Eco Pad),"48°06'33.661""N","103°43'47.971""W",33-105-02727
16,CONTINENTAL RESOURCES,Atlanta Federal 6-6H (Atlanta 14 Well Eco Pad),"48°06'33.661""N","103°43'47.971""W",33-105-02727
17,CONTINENTAL RESOURCES,Atlanta Federal 6-6H,"48°06'33.379""N","103°43'56.960""W",33-105-02727
18,CONTINENTAL RESOURCES,Atlanta Federal 6-6H,"48°06'33.379""N","103°43'47.971""W",33-105-02727
19,CONTINENTAL RESOURCES,Atlanta Federal 6-6H,"48°06'33.379""N","103°43'47.971""W",33-105-02727
20,CONTINENTAL RESOURCES,Atlanta Federal 6-6H,"48°06'33.661""N","103°43'56.960""W",33-105-02727
21,CONTINENTAL RESOURCES,Atlanta Federal 6-6H,"48°06'33.661""N","103°43'47.971""W",33-105-02727
22,CONTINENTAL RESOURCES,Atlanta Federal 6-6H,"48°06'33.661""N","103°43'47.971""W",33-105-02727
23,CONTINENTAL RESOURCES,Atlanta Federal 6-6H,"48°06'33.661""N","103°43'56.960""W",33-105-02727
24,CONTINENTAL RESOURCES,Atlanta Federal 6-6H,"48°06'33.661""N","103°43'47.971""W",33-105-02727
25,CONTINENTAL RESOURCES,Atlanta Federal 6-6H,"48°06'33.661""N","103°43'47.971""W",33-105-02727
26,CONTINENTAL RESOURCES,Atlanta Federal 6-6H,"48°06'33.379""N","103°43'56.960""W",33-105-02727
27,CONTINENTAL RESOURCES,Atlanta Federal 6-6H,"48°06'33.379""N","103°43'47.971""W",33-105-02727
28,CONTINENTAL RESOURCES,Atlanta Federal 6-6H,"48°06'33.379""N","103°43'47.971""W",33-105-02727
29,CONTINENTAL RESOURCES,Atlanta Federal 6-6H,"48°06'33.661""N","103°43'56.960""W",33-105-02727
30,CONTINENTAL RESOURCES,Atlanta Federal 6-6H,"48°06'33.661""N","103°43'47.971""W",33-105-02727
31,CONTINENTAL RESOURCES,Atlanta Federal 6-6H,"48°06'33.661""N","103°43'47.971""W",33-105-02727
32,CONTINENTAL RESOURCES,Atlanta Federal 6-6H,"48°06'33.661""N","103°43'56.960""W",33-105-02727
33,CONTINENTAL RESOURCES,Atlanta Federal 6-6H,"48°06'33.661""N","103°43'47.971""W",33-105-02727
34,CONTINENTAL RESOURCES,Atlanta Federal 6-6H,"48°06'33.661""N","103°43'47.971""W",33-105-02727
35,CONTINENTAL RESOURCES,Atlanta Federal 6-6H,"48°06'33.379""N","103°43'56.960""W",33-105-02727
36,CONTINENTAL RESOURCES,Atlanta Federal 6-6H,"48°06'33.379""N","103°43'47.971""W",33-105-02727
37,CONTINENTAL RESOURCES,Atlanta Federal 6-6H,"48°06'33.379""N","103°43'47.971""W",33-105-02727
38,CONTINENTAL RESOURCES,Atlanta Federal 6-6H,"48°06'33.661""N","103°43'56.960""W",33-105-02727
39,CONTINENTAL RESOURCES,Atlanta Federal 6-6H,"48°06'33.661""N","103°43'47.971""W",33-105-02727
40,CONTINENTAL RESOURCES,Atlanta Federal 6-6H,"48°06'33.661""N","103°43'47.971""W",33-105-02727
41,CONTINENTAL RESOURCES,Atlanta Federal 6-6H,"48°06'33.661""N","103°43'56.960""W",33-105-02727
42,CONTINENTAL RESOURCES,Atlanta Federal 6-6H,"48°06'33.661""N","103°43'47.971""W",33-105-02727
43,CONTINENTAL RESOURCES,Atlanta Federal 6-6H,"48°06'33.661""N","103°43'47.971""W",33-105-02727
44,CONTINENTAL RESOURCES,Atlanta Federal 6-6H,"48°06'33.379""N","103°43'56.960""W",33-105-02727
45,CONTINENTAL RESOURCES,Atlanta Federal 6-6H,"48°06'33.379""N","103°43'47.971""W",33-105-02727
46,CONTINENTAL RESOURCES,Atlanta Federal 6-6H,"48°06'33.379""N","103°43'47.971""W",33-105-02727
47,CONTINENTAL RESOURCES,Atlanta Federal 6-6H,"48°06'33.661""N","103°43'56.960""W",33-105-02727
48,CONTINENTAL RESOURCES,Atlanta Federal 6-6H,"48°06'33.661""N","103°43'47.971""W",33-105-02727
49,CONTINENTAL RESOURCES,Atlanta Federal 6-6H,"48°06'33.661""N","103°43'47.971""W",33-105-02727
50,CONTINENTAL RESOURCES,Atlanta Federal 6-6H,"48°06'33.661""N","103°43'56.960""W",33-105-02727
51,CONTINENTAL RESOURCES,Atlanta Federal 6-6H,"48°06'33.661""N","103°43'47.971""W",33-105-02727
52,CONTINENTAL RESOURCES,Atlanta Federal 6-6H,"48°06'33.661""N","103°43'47.971""W",33-105-02727
53,CONTINENTAL RESOURCES,Atlanta Federal 6-6H,"48°06'33.379""N","103°43'56.960""W",33-105-02727
54,CONTINENTAL RESOURCES,Atlanta Federal 6-6H,"48°06'33.379""N","103°43'47.971""W",33-105-02727
55,CONTINENTAL RESOURCES,Atlanta Federal 6-6H,"48°06'33.379""N","103°43'47.971""W",33-105-02727
56,CONTINENTAL RESOURCES,Atlanta Federal 6-6H,"48°06'33.661""N","103°43'56.960""W",33-105-02727
57,CONTINENTAL RESOURCES,Atlanta Federal 6-6H,"48°06'33.661""N","103°43'47.971""W",33-105-02727
58,CONTINENTAL RESOURCES,Atlanta Federal 6-6H,"48°06'33.661""N","103°43'47.971""W",33-105-02727
59,CONTINENTAL RESOURCES,Atlanta Federal 6-6H,"48°06'33.661""N","103°43'56.960""W",33-105-02727
60,CONTINENTAL RESOURCES,Atlanta Federal 6-6H,"48°06'33.661""N","103°43'47.971""W",33-105-02727
61,CONTINENTAL RESOURCES,Atlanta Federal 6-6H,"48°06'33.661""N","103°43'47.971""W",33-105-02727
62,CONTINENTAL RESOURCES,Atlanta Federal 6-6H,"48°06'33.379""N","103°43'56.960""W",33-105-02727
63,CONTINENTAL RESOURCES,Atlanta Federal 6-6H,"48°06'33.379""N","103°43'47.971""W",33-105-02727
64,CONTINENTAL RESOURCES,Atlanta Federal 6-6H,"48°06'33.379""N","103°43'47.971""W",33-105-02727
65,CONTINENTAL RESOURCES,Atlanta Federal 6-6H,"48°06'33.661""N","103°43'56.960""W",33-105-02727
66,CONTINENTAL RESOURCES,Atlanta Federal 6-6H,"48°06'33.661""N","103°43'47.971""W",33-105-02727
67,CONTINENTAL RESOURCES,Atlanta Federal 6-6H,"48°06'33.661""N","103°43'47.971""W",33-105-02727
68,CONTINENTAL RESOURCES,Atlanta Federal 6-6H,"48°06'33.661""N","103°43'56.960""W",33-105-02727
69,CONTINENTAL RESOURCES,Atlanta Federal 6-6H,"48°06'33.661""N","103°43'47.971""W",33-105-02727
70,CONTINENTAL RESOURCES,Atlanta Federal 6-6H,"48°06'33.661""N","103°43'47.971""W",33-105-02727
71,CONTINENTAL RESOURCES,Atlanta Federal 6-6H,"48°06'33.379""N","103°43'56.960""W",33-105-02727
72,CONTINENTAL RESOURCES,Atlanta Federal 6-6H,"48°06'33.379""N","103°43'47.971""W",33-105-02727
73,CONTINENTAL RESOURCES,Atlanta Federal 6-6H,"48°06'33.379""N","103°43'47.971""W",33-105-02727
74,CONTINENTAL RESOURCES,Atlanta Federal 6-6H,"48°06'33.661""N","103°43'56.960""W",33-105-02727
75,CONTINENTAL RESOURCES,Atlanta Federal 6-6H,"48°06'33.661""N","103°43'47.971""W",33-105-02727
76,CONTINENTAL RESOURCES,Atlanta Federal 6-6H,"48°06'33.661""N","103°43'47.971""W",33-105-02727
77,CONTINENTAL RESOURCES,Atlanta Federal 6-6H,"48°06'33.661""N","103°43'56.960""W",33-105-02727
78,CONTINENTAL RESOURCES,Atlanta Federal 6-6H,"48°06'33.661""N","103°43'47.971""W",33-105-02727
79,CONTINENTAL RESOURCES,Atlanta Federal 6-6H,"48°06'33.661""N","103°43'47.971""W",33-105-02727
80,CONTINENTAL RESOURCES,Atlanta Federal 6-6H,"48°06'33.379""N","103°43'56.960""W",33-105-02727
81,CONTINENTAL RESOURCES,Atlanta Federal 6-6H,"48°06'33.379""N","103°43'47.971""W",33-105-02727
82,CONTINENTAL RESOURCES,Atlanta Federal 6-6H,"48°06'33.379""N","103°43'47.971""W",33-105-02727
83,CONTINENTAL RESOURCES,Atlanta Federal 6-6H,"48°06'33.661""N","103°43'56.960""W",33-105-02727
84,CONTINENTAL RESOURCES,Atlanta Federal 6-6H,"48°06'33.661""N","103°43'47.971""W",33-105-02727
85,CONTINENTAL RESOURCES,Atlanta Federal 6-6H,"48°06'33.661""N","103°43'47.971""W",33-105-02727
86,CONTINENTAL RESOURCES,Atlanta Federal 6-6H,"48°06'33.661""N","103°43'56.960""W",33-105-02727
87,CONTINENTAL RESOURCES,Atlanta Federal 6-6H,"48°06'33.661""N","103°43'47.971""W",33-105-02727
88,CONTINENTAL RESOURCES,Atlanta Federal 6-6H,"48°06'33.661""N","103°43'47.971""W",33-105-02727
89,INC.,Atlanta Federal 6-6H (Atlanta 14 Well Eco Pad),"48°06'33.379""N","103°43'56.960""W",33-105-02727
90,INC.,Atlanta Federal 6-6H (Atlanta 14 Well Eco Pad),"48°06'33.379""N","103°43'47.971""W",33-105-02727
91,INC.,Atlanta Federal 6-6H (Atlanta 14 Well Eco Pad),"48°06'33.379""N","103°43'47.971""W",33-105-02727
92,INC.,Atlanta Federal 6-6H (Atlanta 14 Well Eco Pad),"48°06'33.661""N","103°43'56.960""W",33-105-02727
93,INC.,Atlanta Federal 6-6H (Atlanta 14 Well Eco Pad),"48°06'33.661""N","103°43'47.971""W",33-105-02727
94,INC.,Atlanta Federal 6-6H (Atlanta 14 Well Eco Pad),"48°06'33.661""N","103°43'47.971""W",33-105-02727
95,INC.,Atlanta Federal 6-6H (Atlanta 14 Well Eco Pad),"48°06'33.661""N","103°43'56.960""W",33-105-02727
96,INC.,Atlanta Federal 6-6H (Atlanta 14 Well Eco Pad),"48°06'33.661""N","103°43'47.971""W",33-105-02727
97,INC.,Atlanta Federal 6-6H (Atlanta 14 Well Eco Pad),"48°06'33.661""N","103°43'47.971""W",33-105-02727
98,INC.,Atlanta Federal 6-6H,"48°06'33.379""N","103°43'56.960""W",33-105-02727
99,INC.,Atlanta Federal 6-6H,"48°06'33.379""N","103°43'47.971""W",33-105-02727
100,INC.,Atlanta Federal 6-6H,"48°06'33.379""N","103°43'47.971""W",33-105-02727
101,INC.,Atlanta Federal 6-6H,"48°06'33.661""N","103°43'56.960""W",33-105-02727
102,INC.,Atlanta Federal 6-6H,"48°06'33.661""N","103°43'47.971""W",33-105-02727
103,INC.,Atlanta Federal 6-6H,"48°06'33.661""N","103°43'47.971""W",33-105-02727
104,INC.,Atlanta Federal 6-6H,"48°06'33.661""N","103°43'56.960""W",33-105-02727
105,INC.,Atlanta Federal 6-6H,"48°06'33.661""N","103°43'47.971""W",33-105-02727
106,INC.,Atlanta Federal 6-6H,"48°06'33.661""N","103°43'47.971""W",33-105-02727
107,INC.,Atlanta Federal 6-6H,"48°06'33.379""N","103°43'56.960""W",33-105-02727
108,INC.,Atlanta Federal 6-6H,"48°06'33.379""N","103°43'47.971""W",33-105-02727
109,INC.,Atlanta Federal 6-6H,"48°06'33.379""N","103°43'47.971""W",33-105-02727
110,INC.,Atlanta Federal 6-6H,"48°06'33.661""N","103°43'56.960""W",33-105-02727
111,INC.,Atlanta Federal 6-6H,"48°06'33.661""N","103°43'47.971""W",33-105-02727
112,INC.,Atlanta Federal 6-6H,"48°06'33.661""N","103°43'47.971""W",33-105-02727
113,INC.,Atlanta Federal 6-6H,"48°06'33.661""N","103°43'56.960""W",33-105-02727
114,INC.,Atlanta Federal 6-6H,"48°06'33.661""N","103°43'47.971""W",33-105-02727
115,INC.,Atlanta Federal 6-6H,"48°06'33.661""N","103°43'47.971""W",33-105-02727
116,INC.,Atlanta Federal 6-6H,"48°06'33.379""N","103°43'56.960""W",33-105-02727
117,INC.,Atlanta Federal 6-6H,"48°06'33.379""N","103°43'47.971""W",33-105-02727
118,INC.,Atlanta Federal 6-6H,"48°06'33.379""N","103°43'47.971""W",33-105-02727
119,INC.,Atlanta Federal 6-6H,"48°06'33.661""N","103°43'56.960""W",33-105-02727
120,INC.,Atlanta Federal 6-6H,"48°06'33.661""N","103°43'47.971""W",33-105-02727
121,INC.,Atlanta Federal 6-6H,"48°06'33.661""N","103°43'47.971""W",33-105-02727
122,INC.,Atlanta Federal 6-6H,"48°06'33.661""N","103°43'56.960""W",33-105-02727
123,INC.,Atlanta Federal 6-6H,"48°06'33.661""N","103°43'47.971""W",33-105-02727
124,INC.,Atlanta Federal 6-6H,"48°06'33.661""N","103°43'47.971""W",33-105-02727
125,INC.,Atlanta Federal 6-6H,"48°06'33.379""N","103°43'56.960""W",33-105-02727
126,INC.,Atlanta Federal 6-6H,"48°06'33.379""N","103°43'47.971""W",33-105-02727
127,INC.,Atlanta Federal 6-6H,"48°06'33.379""N","103°43'47.971""W",33-105-02727
128,INC.,Atlanta Federal 6-6H,"48°06'33.661""N","103°43'56.960""W",33-105-02727
129,INC.,Atlanta Federal 6-6H,"48°06'33.661""N","103°43'47.971""W",33-105-02727
130,INC.,Atlanta Federal 6-6H,"48°06'33.661""N","103°43'47.971""W",33-105-02727
131,INC.,Atlanta Federal 6-6H,"48°06'33.661""N","103°43'56.960""W",33-105-02727
132,INC.,Atlanta Federal 6-6H,"48°06'33.661""N","103°43'47.971""W",33-105-02727
133,INC.,Atlanta Federal 6-6H,"48°06'33.661""N","103°43'47.971""W",33-105-02727
134,INC.,Atlanta Federal 6-6H,"48°06'33.379""N","103°43'56.960""W",33-105-02727
135,INC.,Atlanta Federal 6-6H,"48°06'33.379""N","103°43'47.971""W",33-105-02727
136,INC.,Atlanta Federal 6-6H,"48°06'33.379""N","103°43'47.971""W",33-105-02727
137,INC.,Atlanta Federal 6-6H,"48°06'33.661""N","103°43'56.960""W",33-105-02727
138,INC.,Atlanta Federal 6-6H,"48°06'33.661""N","103°43'47.971""W",33-105-02727
139,INC.,Atlanta Federal 6-6H,"48°06'33.661""N","103°43'47.971""W",33-105-02727
140,INC.,Atlanta Federal 6-6H,"48°06'33.661""N","103°43'56.960""W",33-105-02727
141,INC.,Atlanta Federal 6-6H,"48°06'33.661""N","103°43'47.971""W",33-105-02727
142,INC.,Atlanta Federal 6-6H,"48°06'33.661""N","103°43'47.971""W",33-105-02727
143,INC.,Atlanta Federal 6-6H,"48°06'33.379""N","103°43'56.960""W",33-105-02727
144,INC.,Atlanta Federal 6-6H,"48°06'33.379""N","103°43'47.971""W",33-105-02727
145,INC.,Atlanta Federal 6-6H,"48°06'33.379""N","103°43'47.971""W",33-105-02727
146,INC.,Atlanta Federal 6-6H,"48°06'33.661""N","103°43'56.960""W",33-105-02727
147,INC.,Atlanta Federal 6-6H,"48°06'33.661""N","103°43'47.971""W",33-105-02727
148,INC.,Atlanta Federal 6-6H,"48°06'33.661""N","103°43'47.971""W",33-105-02727
149,INC.,Atlanta Federal 6-6H,"48°06'33.661""N","103°43'56.960""W",33-105-02727
150,INC.,Atlanta Federal 6-6H,"48°06'33.661""N","103°43'47.971""W",33-105-02727
151,INC.,Atlanta Federal 6-6H,"48°06'33.661""N","103°43'47.971""W",33-105-02727
152,INC.,Atlanta Federal 6-6H,"48°06'33.379""N","103°43'56.960""W",33-105-02727
153,INC.,Atlanta Federal 6-6H,"48°06'33.379""N","103°43'47.971""W",33-105-02727
154,INC.,Atlanta Federal 6-6H,"48°06'33.379""N","103°43'47.971""W",33-105-02727
155,INC.,Atlanta Federal 6-6H,"48°06'33.661""N","103°43'56.960""W",33-105-02727
156,INC.,Atlanta Federal 6-6H,"48°06'33.661""N","103°43'47.971""W",33-105-02727
157,INC.,Atlanta Federal 6-6H,"48°06'33.661""N","103°43'47.971""W",33-105-02727
158,INC.,Atlanta Federal 6-6H,"48°06'33.661""N","103°43'56.960""W",33-105-02727
159,INC.,Atlanta Federal 6-6H,"48°06'33.661""N","103°43'47.971""W",33-105-02727
160,INC.,Atlanta Federal 6-6H,"48°06'33.661""N","103°43'47.971""W",33-105-02727
161,INC.,Atlanta Federal 6-6H,"48°06'33.379""N","103°43'56.960""W",33-105-02727
162,INC.,Atlanta Federal 6-6H,"48°06'33.379""N","103°43'47.971""W",33-105-02727
163,INC.,Atlanta Federal 6-6H,"48°06'33.379""N","103°43'47.971""W",33-105-02727
164,INC.,Atlanta Federal 6-6H,"48°06'33.661""N","103°43'56.960""W",33-105-02727
165,INC.,Atlanta Federal 6-6H,"48°06'33.661""N","103°43'47.971""W",33-105-02727
166,INC.,Atlanta Federal 6-6H,"48°06'33.661""N","103°43'47.971""W",33-105-02727
167,INC.,Atlanta Federal 6-6H,"48°06'33.661""N","103°43'56.960""W",33-105-02727
168,INC.,Atlanta Federal 6-6H,"48°06'33.661""N","103°43'47.971""W",33-105-02727
169,INC.,Atlanta Federal 6-6H,"48°06'33.661""N","103°43'47.971""W",33-105-02727
170,CONTINENTAL RESOURCES,Atlanta Federal 6-6H (Atlanta 14 Well Eco Pad),"48°06'33.379""N","103°43'56.960""W",33-105-02727
171,CONTINENTAL RESOURCES,Atlanta Federal 6-6H (Atlanta 14 Well Eco Pad),"48°06'33.379""N","103°43'47.971""W",33-105-02727
172,CONTINENTAL RESOURCES,Atlanta Federal 6-6H (Atlanta 14 Well Eco Pad),"48°06'33.379""N","103°43'47.971""W",33-105-02727
173,CONTINENTAL RESOURCES,Atlanta Federal 6-6H (Atlanta 14 Well Eco Pad),"48°06'33.661""N","103°43'56.960""W",33-105-02727
174,CONTINENTAL RESOURCES,Atlanta Federal 6-6H (Atlanta 14 Well Eco Pad),"48°06'33.661""N","103°43'47.971""W",33-105-02727
175,CONTINENTAL RESOURCES,Atlanta Federal 6-6H (Atlanta 14 Well Eco Pad),"48°06'33.661""N","103°43'47.971""W",33-105-02727
176,CONTINENTAL RESOURCES,Atlanta Federal 6-6H (Atlanta 14 Well Eco Pad),"48°06'33.661""N","103°43'56.960""W",33-105-02727
177,CONTINENTAL RESOURCES,Atlanta Federal 6-6H (Atlanta 14 Well Eco Pad),"48°06'33.661""N","103°43'47.971""W",33-105-02727
178,CONTINENTAL RESOURCES,Atlanta Federal 6-6H (Atlanta 14 Well Eco Pad),"48°06'33.661""N","103°43'47.971""W",33-105-02727
179,CONTINENTAL RESOURCES,Atlanta Federal 6-6H,"48°06'33.379""N","103°43'56.960""W",33-105-02727
180,CONTINENTAL RESOURCES,Atlanta Federal 6-6H,"48°06'33.379""N","103°43'47.971""W",33-105-02727
181,CONTINENTAL RESOURCES,Atlanta Federal 6-6H,"48°06'33.379""N","103°43'47.971""W",33-105-02727
182,CONTINENTAL RESOURCES,Atlanta Federal 6-6H,"48°06'33.661""N","103°43'56.960""W",33-105-02727
183,CONTINENTAL RESOURCES,Atlanta Federal 6-6H,"48°06'33.661""N","103°43'47.971""W",33-105-02727
184,CONTINENTAL RESOURCES,Atlanta Federal 6-6H,"48°06'33.661""N","103°43'47.971""W",33-105-02727
185,CONTINENTAL RESOURCES,Atlanta Federal 6-6H,"48°06'33.661""N","103°43'56.960""W",33-105-02727
186,CONTINENTAL RESOURCES,Atlanta Federal 6-6H,"48°06'33.661""N","103°43'47.971""W",33-105-02727
187,CONTINENTAL RESOURCES,Atlanta Federal 6-6H,"48°06'33.661""N","103°43'47.971""W",33-105-02727
188,CONTINENTAL RESOURCES,Atlanta Federal 6-6H,"48°06'33.379""N","103°43'56.960""W",33-105-02727
189,CONTINENTAL RESOURCES,Atlanta Federal 6-6H,"48°06'33.379""N","103°43'47.971""W",33-105-02727
190,CONTINENTAL RESOURCES,Atlanta Federal 6-6H,"48°06'33.379""N","103°43'47.971""W",33-105-02727
191,CONTINENTAL RESOURCES,Atlanta Federal 6-6H,"48°06'33.661""N","103°43'56.960""W",33-105-02727
192,CONTINENTAL RESOURCES,Atlanta Federal 6-6H,"48°06'33.661""N","103°43'47.971""W",33-105-02727
193,CONTINENTAL RESOURCES,Atlanta Federal 6-6H,"48°06'33.661""N","103°43'47.971""W",33-105-02727
194,CONTINENTAL RESOURCES,Atlanta Federal 6-6H,"48°06'33.661""N","103°43'56.960""W",33-105-02727
195,CONTINENTAL RESOURCES,Atlanta Federal 6-6H,"48°06'33.661""N","103°43'47.971""W",33-105-02727
196,CONTINENTAL RESOURCES,Atlanta Federal 6-6H,"48°06'33.661""N","103°43'47.971""W",33-105-02727
197,CONTINENTAL RESOURCES,Atlanta Federal 6-6H,"48°06'33.379""N","103°43'56.960""W",33-105-02727
198,CONTINENTAL RESOURCES,Atlanta Federal 6-6H,"48°06'33.379""N","103°43'47.971""W",33-105-02727
199,CONTINENTAL RESOURCES,Atlanta Federal 6-6H,"48°06'33.379""N","103°43'47.971""W",33-105-02727
200,CONTINENTAL RESOURCES,Atlanta Federal 6-6H,"48°06'33.661""N","103°43'56.960""W",33-105-02727
201,CONTINENTAL RESOURCES,Atlanta Federal 6-6H,"48°06'33.661""N","103°43'47.971""W",33-105-02727
202,CONTINENTAL RESOURCES,Atlanta Federal 6-6H,"48°06'33.661""N","103°43'47.971""W",33-105-02727
203,CONTINENTAL RESOURCES,Atlanta Federal 6-6H,"48°06'33.661""N","103°43'56.960""W",33-105-02727
204,CONTINENTAL RESOURCES,Atlanta Federal 6-6H,"48°06'33.661""N","103°43'47.971""W",33-105-02727
205,CONTINENTAL RESOURCES,Atlanta Federal 6-6H,"48°06'33.661""N","103°43'47.971""W",33-105-02727
206,CONTINENTAL RESOURCES,Atlanta Federal 6-6H,"48°06'33.379""N","103°43'56.960""W",33-105-02727
207,CONTINENTAL RESOURCES,Atlanta Federal 6-6H,"48°06'33.379""N","103°43'47.971""W",33-105-02727
208,CONTINENTAL RESOURCES,Atlanta Federal 6-6H,"48°06'33.379""N","103°43'47.971""W",33-105-02727
209,CONTINENTAL RESOURCES,Atlanta Federal 6-6H,"48°06'33.661""N","103°43'56.960""W",33-105-02727
210,CONTINENTAL RESOURCES,Atlanta Federal 6-6H,"48°06'33.661""N","103°43'47.971""W",33-105-02727
211,CONTINENTAL RESOURCES,Atlanta Federal 6-6H,"48°06'33.661""N","103°43'47.971""W",33-105-02727
212,CONTINENTAL RESOURCES,Atlanta Federal 6-6H,"48°06'33.661""N","103°43'56.960""W",33-105-02727
213,CONTINENTAL RESOURCES,Atlanta Federal 6-6H,"48°06'33.661""N","103°43'47.971""W",33-105-02727
214,CONTINENTAL RESOURCES,Atlanta Federal 6-6H,"48°06'33.661""N","103°43'47.971""W",33-105-02727
215,CONTINENTAL RESOURCES,Atlanta Federal 6-6H,"48°06'33.379""N","103°43'56.960""W",33-105-02727
216,CONTINENTAL RESOURCES,Atlanta Federal 6-6H,"48°06'33.379""N","103°43'47.971""W",33-105-02727
217,CONTINENTAL RESOURCES,Atlanta Federal 6-6H,"48°06'33.379""N","103°43'47.971""W",33-105-02727
218,CONTINENTAL RESOURCES,Atlanta Federal 6-6H,"48°06'33.661""N","103°43'56.960""W",33-105-02727
219,CONTINENTAL RESOURCES,Atlanta Federal 6-6H,"48°06'33.661""N","103°43'47.971""W",33-105-02727
220,CONTINENTAL RESOURCES,Atlanta Federal 6-6H,"48°06'33.661""N","103°43'47.971""W",33-105-02727
221,CONTINENTAL RESOURCES,Atlanta Federal 6-6H,"48°06'33.661""N","103°43'56.960""W",33-105-02727
222,CONTINENTAL RESOURCES,Atlanta Federal 6-6H,"48°06'33.661""N","103°43'47.971""W",33-105-02727
223,CONTINENTAL RESOURCES,Atlanta Federal 6-6H,"48°06'33.661""N","103°43'47.971""W",33-105-02727
224,CONTINENTAL RESOURCES,Atlanta Federal 6-6H,"48°06'33.379""N","103°43'56.960""W",33-105-02727
225,CONTINENTAL RESOURCES,Atlanta Federal 6-6H,"48°06'33.379""N","103°43'47.971""W",33-105-02727
226,CONTINENTAL RESOURCES,Atlanta Federal 6-6H,"48°06'33.379""N","103°43'47.971""W",33-105-02727
227,CONTINENTAL RESOURCES,Atlanta Federal 6-6H,"48°06'33.661""N","103°43'56.960""W",33-105-02727
228,CONTINENTAL RESOURCES,Atlanta Federal 6-6H,"48°06'33.661""N","103°43'47.971""W",33-105-02727
229,CONTINENTAL RESOURCES,Atlanta Federal 6-6H,"48°06'33.661""N","103°43'47.971""W",33-105-02727
230,CONTINENTAL RESOURCES,Atlanta Federal 6-6H,"48°06'33.661""N","103°43'56.960""W",33-105-02727
231,CONTINENTAL RESOURCES,Atlanta Federal 6-6H,"48°06'33.661""N","103°43'47.971""W",33-105-02727
232,CONTINENTAL RESOURCES,Atlanta Federal 6-6H,"48°06'33.661""N","103°43'47.971""W",33-105-02727
233,CONTINENTAL RESOURCES,Atlanta Federal 6-6H,"48°06'33.379""N","103°43'56.960""W",33-105-02727
234,CONTINENTAL RESOURCES,Atlanta Federal 6-6H,"48°06'33.379""N","103°43'47.971""W",33-105-02727
235,CONTINENTAL RESOURCES,Atlanta Federal 6-6H,"48°06'33.379""N","103°43'47.971""W",33-105-02727
236,CONTINENTAL RESOURCES,Atlanta Federal 6-6H,"48°06'33.661""N","103°43'56.960""W",33-105-02727
237,CONTINENTAL RESOURCES,Atlanta Federal 6-6H,"48°06'33.661""N","103°43'47.971""W",33-105-02727
238,CONTINENTAL RESOURCES,Atlanta Federal 6-6H,"48°06'33.661""N","103°43'47.971""W",33-105-02727
239,CONTINENTAL RESOURCES,Atlanta Federal 6-6H,"48°06'33.661""N","103°43'56.960""W",33-105-02727
240,CONTINENTAL RESOURCES,Atlanta Federal 6-6H,"48°06'33.661""N","103°43'47.971""W",33-105-02727
241,CONTINENTAL RESOURCES,Atlanta Federal 6-6H,"48°06'33.661""N","103°43'47.971""W",33-105-02727
242,CONTINENTAL RESOURCES,Atlanta Federal 6-6H,"48°06'33.379""N","103°43'56.960""W",33-105-02727
243,CONTINENTAL RESOURCES,Atlanta Federal 6-6H,"48°06'33.379""N","103°43'47.971""W",33-105-02727
244,CONTINENTAL RESOURCES,Atlanta Federal 6-6H,"48°06'33.379""N","103°43'47.971""W",33-105-02727
245,CONTINENTAL RESOURCES,Atlanta Federal 6-6H,"48°06'33.661""N","103°43'56.960""W",33-105-02727
246,CONTINENTAL RESOURCES,Atlanta Federal 6-6H,"48°06'33.661""N","103°43'47.971""W",33-105-02727
247,CONTINENTAL RESOURCES,Atlanta Federal 6-6H,"48°06'33.661""N","103°43'47.971""W",33-105-02727
248,CONTINENTAL RESOURCES,Atlanta Federal 6-6H,"48°06'33.661""N","103°43'56.960""W",33-105-02727
249,CONTINENTAL RESOURCES,Atlanta Federal 6-6H,"48°06'33.661""N","103°43'47.971""W",33-105-02727
250,CONTINENTAL RESOURCES,Atlanta Federal 6-6H,"48°06'33.661""N","103°43'47.971""W",33-105-02727
251,INC.,Atlanta Federal 6-6H (Atlanta 14 Well Eco Pad),"48°06'33.379""N","103°43'56.960""W",33-105-02727
252,INC.,Atlanta Federal 6-6H (Atlanta 14 Well Eco Pad),"48°06'33.379""N","103°43'47.971""W",33-105-02727
253,INC.,Atlanta Federal 6-6H (Atlanta 14 Well Eco Pad),"48°06'33.379""N","103°43'47.971""W",33-105-02727
254,INC.,Atlanta Federal 6-6H (Atlanta 14 Well Eco Pad),"48°06'33.661""N","103°43'56.960""W",33-105-02727
255,INC.,Atlanta Federal 6-6H (Atlanta 14 Well Eco Pad),"48°06'33.661""N","103°43'47.971""W",33-105-02727
256,INC.,Atlanta Federal 6-6H (Atlanta 14 Well Eco Pad),"48°06'33.661""N","103°43'47.971""W",33-105-02727
257,INC.,Atlanta Federal 6-6H (Atlanta 14 Well Eco Pad),"48°06'33.661""N","103°43'56.960""W",33-105-02727
258,INC.,Atlanta Federal 6-6H (Atlanta 14 Well Eco Pad),"48°06'33.661""N","103°43'47.971""W",33-105-02727
259,INC.,Atlanta Federal 6-6H (Atlanta 14 Well Eco Pad),"48°06'33.661""N","103°43'47.971""W",33-105-02727
260,INC.,Atlanta Federal 6-6H,"48°06'33.379""N","103°43'56.960""W",33-105-02727
261,INC.,Atlanta Federal 6-6H,"48°06'33.379""N","103°43'47.971""W",33-105-02727
262,INC.,Atlanta Federal 6-6H,"48°06'33.379""N","103°43'47.971""W",33-105-02727
263,INC.,Atlanta Federal 6-6H,"48°06'33.661""N","103°43'56.960""W",33-105-02727
264,INC.,Atlanta Federal 6-6H,"48°06'33.661""N","103°43'47.971""W",33-105-02727
265,INC.,Atlanta Federal 6-6H,"48°06'33.661""N","103°43'47.971""W",33-105-02727
266,INC.,Atlanta Federal 6-6H,"48°06'33.661""N","103°43'56.960""W",33-105-02727
267,INC.,Atlanta Federal 6-6H,"48°06'33.661""N","103°43'47.971""W",33-105-02727
268,INC.,Atlanta Federal 6-6H,"48°06'33.661""N","103°43'47.971""W",33-105-02727
269,INC.,Atlanta Federal 6-6H,"48°06'33.379""N","103°43'56.960""W",33-105-02727
270,INC.,Atlanta Federal 6-6H,"48°06'33.379""N","103°43'47.971""W",33-105-02727
271,INC.,Atlanta Federal 6-6H,"48°06'33.379""N","103°43'47.971""W",33-105-02727
272,INC.,Atlanta Federal 6-6H,"48°06'33.661""N","103°43'56.960""W",33-105-02727
273,INC.,Atlanta Federal 6-6H,"48°06'33.661""N","103°43'47.971""W",33-105-02727
274,INC.,Atlanta Federal 6-6H,"48°06'33.661""N","103°43'47.971""W",33-105-02727
275,INC.,Atlanta Federal 6-6H,"48°06'33.661""N","103°43'56.960""W",33-105-02727
276,INC.,Atlanta Federal 6-6H,"48°06'33.661""N","103°43'47.971""W",33-105-02727
277,INC.,Atlanta Federal 6-6H,"48°06'33.661""N","103°43'47.971""W",33-105-02727
278,INC.,Atlanta Federal 6-6H,"48°06'33.379""N","103°43'56.960""W",33-105-02727
279,INC.,Atlanta Federal 6-6H,"48°06'33.379""N","103°43'47.971""W",33-105-02727
280,INC.,Atlanta Federal 6-6H,"48°06'33.379""N","103°43'47.971""W",33-105-02727
281,INC.,Atlanta Federal 6-6H,"48°06'33.661""N","103°43'56.960""W",33-105-02727
282,INC.,Atlanta Federal 6-6H,"48°06'33.661""N","103°43'47.971""W",33-105-02727
283,INC.,Atlanta Federal 6-6H,"48°06'33.661""N","103°43'47.971""W",33-105-02727
284,INC.,Atlanta Federal 6-6H,"48°06'33.661""N","103°43'56.960""W",33-105-02727
285,INC.,Atlanta Federal 6-6H,"48°06'33.661""N","103°43'47.971""W",33-105-02727
286,INC.,Atlanta Federal 6-6H,"48°06'33.661""N","103°43'47.971""W",33-105-02727
287,INC.,Atlanta Federal 6-6H,"48°06'33.379""N","103°43'56.960""W",33-105-02727
288,INC.,Atlanta Federal 6-6H,"48°06'33.379""N","103°43'47.971""W",33-105-02727
289,INC.,Atlanta Federal 6-6H,"48°06'33.379""N","103°43'47.971""W",33-105-02727
290,INC.,Atlanta Federal 6-6H,"48°06'33.661""N","103°43'56.960""W",33-105-02727
291,INC.,Atlanta Federal 6-6H,"48°06'33.661""N","103°43'47.971""W",33-105-02727
292,INC.,Atlanta Federal 6-6H,"48°06'33.661""N","103°43'47.971""W",33-105-02727
293,INC.,Atlanta Federal 6-6H,"48°06'33.661""N","103°43'56.960""W",33-105-02727
294,INC.,Atlanta Federal 6-6H,"48°06'33.661""N","103°43'47.971""W",33-105-02727
295,INC.,Atlanta Federal 6-6H,"48°06'33.661""N","103°43'47.971""W",33-105-02727
296,INC.,Atlanta Federal 6-6H,"48°06'33.379""N","103°43'56.960""W",33-105-02727
297,INC.,Atlanta Federal 6-6H,"48°06'33.379""N","103°43'47.971""W",33-105-02727
298,INC.,Atlanta Federal 6-6H,"48°06'33.379""N","103°43'47.971""W",33-105-02727
299,INC.,Atlanta Federal 6-6H,"48°06'33.661""N","103°43'56.960""W",33-105-02727
300,INC.,Atlanta Federal 6-6H,"48°06'33.661""N","103°43'47.971""W",33-105-02727
301,INC.,Atlanta Federal 6-6H,"48°06'33.661""N","103°43'47.971""W",33-105-02727
302,INC.,Atlanta Federal 6-6H,"48°06'33.661""N","103°43'56.960""W",33-105-02727
303,INC.,Atlanta Federal 6-6H,"48°06'33.661""N","103°43'47.971""W",33-105-02727
304,INC.,Atlanta Federal 6-6H,"48°06'33.661""N","103°43'47.971""W",33-105-02727
305,INC.,Atlanta Federal 6-6H,"48°06'33.379""N","103°43'56.960""W",33-105-02727
306,INC.,Atlanta Federal 6-6H,"48°06'33.379""N","103°43'47.971""W",33-105-02727
307,INC.,Atlanta Federal 6-6H,"48°06'33.379""N","103°43'47.971""W",33-105-02727
308,INC.,Atlanta Federal 6-6H,"48°06'33.661""N","103°43'56.960""W",33-105-02727
309,INC.,Atlanta Federal 6-6H,"48°06'33.661""N","103°43'47.971""W",33-105-02727
310,INC.,Atlanta Federal 6-6H,"48°06'33.661""N","103°43'47.971""W",33-105-02727
311,INC.,Atlanta Federal 6-6H,"48°06'33.661""N","103°43'56.960""W",33-105-02727
312,INC.,Atlanta Federal 6-6H,"48°06'33.661""N","103°43'47.971""W",33-105-02727
313,INC.,Atlanta Federal 6-6H,"48°06'33.661""N","103°43'47.971""W",33-105-02727
314,INC.,Atlanta Federal 6-6H,"48°06'33.379""N","103°43'56.960""W",33-105-02727
315,INC.,Atlanta Federal 6-6H,"48°06'33.379""N","103°43'47.971""W",33-105-02727
316,INC.,Atlanta Federal 6-6H,"48°06'33.379""N","103°43'47.971""W",33-105-02727
317,INC.,Atlanta Federal 6-6H,"48°06'33.661""N","103°43'56.960""W",33-105-02727
318,INC.,Atlanta Federal 6-6H,"48°06'33.661""N","103°43'47.971""W",33-105-02727
319,INC.,Atlanta Federal 6-6H,"48°06'33.661""N","103°43'47.971""W",33-105-02727
320,INC.,Atlanta Federal 6-6H,"48°06'33.661""N","103°43'56.960""W",33-105-02727
321,INC.,Atlanta Federal 6-6H,"48°06'33.661""N","103°43'47.971""W",33-105-02727
322,INC.,Atlanta Federal 6-6H,"48°06'33.661""N","103°43'47.971""W",33-105-02727
323,INC.,Atlanta Federal 6-6H,"48°06'33.379""N","103°43'56.960""W",33-105-02727
324,INC.,Atlanta Federal 6-6H,"48°06'33.379""N","103°43'47.971""W",33-105-02727
325,INC.,Atlanta Federal 6-6H,"48°06'33.379""N","103°43'47.971""W",33-105-02727
326,INC.,Atlanta Federal 6-6H,"48°06'33.661""N","103°43'56.960""W",33-105-02727
327,INC.,Atlanta Federal 6-6H,"48°06'33.661""N","103°43'47.971""W",33-105-02727
328,INC.,Atlanta Federal 6-6H,"48°06'33.661""N","103°43'47.971""W",33-105-02727
329,INC.,Atlanta Federal 6-6H,"48°06'33.661""N","103°43'56.960""W",33-105-02727
330,INC.,Atlanta Federal 6-6H,"48°06'33.661""N","103°43'47.971""W",33-105-02727
331,INC.,Atlanta Federal 6-6H,"48°06'33.661""N","103°43'47.971""W",33-105-02727
332,CONTINENTAL RESOURCES,Atlanta Federal 6-6H (Atlanta 14 Well Eco Pad),"48°06'33.379""N","103°43'56.960""W",33-105-02727
333,CONTINENTAL RESOURCES,Atlanta Federal 6-6H (Atlanta 14 Well Eco Pad),"48°06'33.379""N","103°43'47.971""W",33-105-02727
334,CONTINENTAL RESOURCES,Atlanta Federal 6-6H (Atlanta 14 Well Eco Pad),"48°06'33.379""N","103°43'47.971""W",33-105-02727
335,CONTINENTAL RESOURCES,Atlanta Federal 6-6H (Atlanta 14 Well Eco Pad),"48°06'33.661""N","103°43'56.960""W",33-105-02727
336,CONTINENTAL RESOURCES,Atlanta Federal 6-6H (Atlanta 14 Well Eco Pad),"48°06'33.661""N","103°43'47.971""W",33-105-02727
337,CONTINENTAL RESOURCES,Atlanta Federal 6-6H (Atlanta 14 Well Eco Pad),"48°06'33.661""N","103°43'47.971""W",33-105-02727
338,CONTINENTAL RESOURCES,Atlanta Federal 6-6H (Atlanta 14 Well Eco Pad),"48°06'33.661""N","103°43'56.960""W",33-105-02727
339,CONTINENTAL RESOURCES,Atlanta Federal 6-6H (Atlanta 14 Well Eco Pad),"48°06'33.661""N","103°43'47.971""W",33-105-02727
340,CONTINENTAL RESOURCES,Atlanta Federal 6-6H (Atlanta 14 Well Eco Pad),"48°06'33.661""N","103°43'47.971""W",33-105-02727
341,CONTINENTAL RESOURCES,Atlanta Federal 6-6H,"48°06'33.379""N","103°43'56.960""W",33-105-02727
342,CONTINENTAL RESOURCES,Atlanta Federal 6-6H,"48°06'33.379""N","103°43'47.971""W",33-105-02727
343,CONTINENTAL RESOURCES,Atlanta Federal 6-6H,"48°06'33.379""N","103°43'47.971""W",33-105-02727
344,CONTINENTAL RESOURCES,Atlanta Federal 6-6H,"48°06'33.661""N","103°43'56.960""W",33-105-02727
345,CONTINENTAL RESOURCES,Atlanta Federal 6-6H,"48°06'33.661""N","103°43'47.971""W",33-105-02727
346,CONTINENTAL RESOURCES,Atlanta Federal 6-6H,"48°06'33.661""N","103°43'47.971""W",33-105-02727
347,CONTINENTAL RESOURCES,Atlanta Federal 6-6H,"48°06'33.661""N","103°43'56.960""W",33-105-02727
348,CONTINENTAL RESOURCES,Atlanta Federal 6-6H,"48°06'33.661""N","103°43'47.971""W",33-105-02727
349,CONTINENTAL RESOURCES,Atlanta Federal 6-6H,"48°06'33.661""N","103°43'47.971""W",33-105-02727
350,CONTINENTAL RESOURCES,Atlanta Federal 6-6H,"48°06'33.379""N","103°43'56.960""W",33-105-02727
351,CONTINENTAL RESOURCES,Atlanta Federal 6-6H,"48°06'33.379""N","103°43'47.971""W",33-105-02727
352,CONTINENTAL RESOURCES,Atlanta Federal 6-6H,"48°06'33.379""N","103°43'47.971""W",33-105-02727
353,CONTINENTAL RESOURCES,Atlanta Federal 6-6H,"48°06'33.661""N","103°43'56.960""W",33-105-02727
354,CONTINENTAL RESOURCES,Atlanta Federal 6-6H,"48°06'33.661""N","103°43'47.971""W",33-105-02727
355,CONTINENTAL RESOURCES,Atlanta Federal 6-6H,"48°06'33.661""N","103°43'47.971""W",33-105-02727
356,CONTINENTAL RESOURCES,Atlanta Federal 6-6H,"48°06'33.661""N","103°43'56.960""W",33-105-02727
357,CONTINENTAL RESOURCES,Atlanta Federal 6-6H,"48°06'33.661""N","103°43'47.971""W",33-105-02727
358,CONTINENTAL RESOURCES,Atlanta Federal 6-6H,"48°06'33.661""N","103°43'47.971""W",33-105-02727
359,CONTINENTAL RESOURCES,Atlanta Federal 6-6H,"48°06'33.379""N","103°43'56.960""W",33-105-02727
360,CONTINENTAL RESOURCES,Atlanta Federal 6-6H,"48°06'33.379""N","103°43'47.971""W",33-105-02727
361,CONTINENTAL RESOURCES,Atlanta Federal 6-6H,"48°06'33.379""N","103°43'47.971""W",33-105-02727
362,CONTINENTAL RESOURCES,Atlanta Federal 6-6H,"48°06'33.661""N","103°43'56.960""W",33-105-02727
363,CONTINENTAL RESOURCES,Atlanta Federal 6-6H,"48°06'33.661""N","103°43'47.971""W",33-105-02727
364,CONTINENTAL RESOURCES,Atlanta Federal 6-6H,"48°06'33.661""N","103°43'47.971""W",33-105-02727
365,CONTINENTAL RESOURCES,Atlanta Federal 6-6H,"48°06'33.661""N","103°43'56.960""W",33-105-02727
366,CONTINENTAL RESOURCES,Atlanta Federal 6-6H,"48°06'33.661""N","103°43'47.971""W",33-105-02727
367,CONTINENTAL RESOURCES,Atlanta Federal 6-6H,"48°06'33.661""N","103°43'47.971""W",33-105-02727
368,CONTINENTAL RESOURCES,Atlanta Federal 6-6H,"48°06'33.379""N","103°43'56.960""W",33-105-02727
369,CONTINENTAL RESOURCES,Atlanta Federal 6-6H,"48°06'33.379""N","103°43'47.971""W",33-105-02727
370,CONTINENTAL RESOURCES,Atlanta Federal 6-6H,"48°06'33.379""N","103°43'47.971""W",33-105-02727
371,CONTINENTAL RESOURCES,Atlanta Federal 6-6H,"48°06'33.661""N","103°43'56.960""W",33-105-02727
372,CONTINENTAL RESOURCES,Atlanta Federal 6-6H,"48°06'33.661""N","103°43'47.971""W",33-105-02727
373,CONTINENTAL RESOURCES,Atlanta Federal 6-6H,"48°06'33.661""N","103°43'47.971""W",33-105-02727
374,CONTINENTAL RESOURCES,Atlanta Federal 6-6H,"48°06'33.661""N","103°43'56.960""W",33-105-02727
375,CONTINENTAL RESOURCES,Atlanta Federal 6-6H,"48°06'33.661""N","103°43'47.971""W",33-105-02727
376,CONTINENTAL RESOURCES,Atlanta Federal 6-6H,"48°06'33.661""N","103°43'47.971""W",33-105-02727
377,CONTINENTAL RESOURCES,Atlanta Federal 6-6H,"48°06'33.379""N","103°43'56.960""W",33-105-02727
378,CONTINENTAL RESOURCES,Atlanta Federal 6-6H,"48°06'33.379""N","103°43'47.971""W",33-105-02727
379,CONTINENTAL RESOURCES,Atlanta Federal 6-6H,"48°06'33.379""N","103°43'47.971""W",33-105-02727
380,CONTINENTAL RESOURCES,Atlanta Federal 6-6H,"48°06'33.661""N","103°43'56.960""W",33-105-02727
381,CONTINENTAL RESOURCES,Atlanta Federal 6-6H,"48°06'33.661""N","103°43'47.971""W",33-105-02727
382,CONTINENTAL RESOURCES,Atlanta Federal 6-6H,"48°06'33.661""N","103°43'47.971""W",33-105-02727
383,CONTINENTAL RESOURCES,Atlanta Federal 6-6H,"48°06'33.661""N","103°43'56.960""W",33-105-02727
384,CONTINENTAL RESOURCES,Atlanta Federal 6-6H,"48°06'33.661""N","103°43'47.971""W",33-105-02727
385,CONTINENTAL RESOURCES,Atlanta Federal 6-6H,"48°06'33.661""N","103°43'47.971""W",33-105-02727
386,CONTINENTAL RESOURCES,Atlanta Federal 6-6H,"48°06'33.379""N","103°43'56.960""W",33-105-02727
387,CONTINENTAL RESOURCES,Atlanta Federal 6-6H,"48°06'33.379""N","103°43'47.971""W",33-105-02727
388,CONTINENTAL RESOURCES,Atlanta Federal 6-6H,"48°06'33.379""N","103°43'47.971""W",33-105-02727
389,CONTINENTAL RESOURCES,Atlanta Federal 6-6H,"48°06'33.661""N","103°43'56.960""W",33-105-02727
390,CONTINENTAL RESOURCES,Atlanta Federal 6-6H,"48°06'33.661""N","103°43'47.971""W",33-105-02727
391,CONTINENTAL RESOURCES,Atlanta Federal 6-6H,"48°06'33.661""N","103°43'47.971""W",33-105-02727
392,CONTINENTAL RESOURCES,Atlanta Federal 6-6H,"48°06'33.661""N","103°43'56.960""W",33-105-02727
393,CONTINENTAL RESOURCES,Atlanta Federal 6-6H,"48°06'33.661""N","103°43'47.971""W",33-105-02727
394,CONTINENTAL RESOURCES,Atlanta Federal 6-6H,"48°06'33.661""N","103°43'47.971""W",33-105-02727
395,CONTINENTAL RESOURCES,Atlanta Federal 6-6H,"48°06'33.379""N","103°43'56.960""W",33-105-02727
396,CONTINENTAL RESOURCES,Atlanta Federal 6-6H,"48°06'33.379""N","103°43'47.971""W",33-105-02727
397,CONTINENTAL RESOURCES,Atlanta Federal 6-6H,"48°06'33.379""N","103°43'47.971""W",33-105-02727
398,CONTINENTAL RESOURCES,Atlanta Federal 6-6H,"48°06'33.661""N","103°43'56.960""W",33-105-02727
399,CONTINENTAL RESOURCES,Atlanta Federal 6-6H,"48°06'33.661""N","103°43'47.971""W",33-105-02727
400,CONTINENTAL RESOURCES,Atlanta Federal 6-6H,"48°06'33.661""N","103°43'47.971""W",33-105-02727
401,CONTINENTAL RESOURCES,Atlanta Federal 6-6H,"48°06'33.661""N","103°43'56.960""W",33-105-02727
402,CONTINENTAL RESOURCES,Atlanta Federal 6-6H,"48°06'33.661""N","103°43'47.971""W",33-105-02727
403,CONTINENTAL RESOURCES,Atlanta Federal 6-6H,"48°06'33.661""N","103°43'47.971""W",33-105-02727
404,CONTINENTAL RESOURCES,Atlanta Federal 6-6H,"48°06'33.379""N","103°43'56.960""W",33-105-02727
405,CONTINENTAL RESOURCES,Atlanta Federal 6-6H,"48°06'33.379""N","103°43'47.971""W",33-105-02727
406,CONTINENTAL RESOURCES,Atlanta Federal 6-6H,"48°06'33.379""N","103°43'47.971""W",33-105-02727
407,CONTINENTAL RESOURCES,Atlanta Federal 6-6H,"48°06'33.661""N","103°43'56.960""W",33-105-02727
408,CONTINENTAL RESOURCES,Atlanta Federal 6-6H,"48°06'33.661""N","103°43'47.971""W",33-105-02727
409,CONTINENTAL RESOURCES,Atlanta Federal 6-6H,"48°06'33.661""N","103°43'47.971""W",33-105-02727
410,CONTINENTAL RESOURCES,Atlanta Federal 6-6H,"48°06'33.661""N","103°43'56.960""W",33-105-02727
411,CONTINENTAL RESOURCES,Atlanta Federal 6-6H,"48°06'33.661""N","103°43'47.971""W",33-105-02727
412,CONTINENTAL RESOURCES,Atlanta Federal 6-6H,"48°06'33.661""N","103°43'47.971""W",33-105-02727
413,INC.,Atlanta Federal 6-6H (Atlanta 14 Well Eco Pad),"48°06'33.379""N","103°43'56.960""W",33-105-02727
414,INC.,Atlanta Federal 6-6H (Atlanta 14 Well Eco Pad),"48°06'33.379""N","103°43'47.971""W",33-105-02727
415,INC.,Atlanta Federal 6-6H (Atlanta 14 Well Eco Pad),"48°06'33.379""N","103°43'47.971""W",33-105-02727
416,INC.,Atlanta Federal 6-6H (Atlanta 14 Well Eco Pad),"48°06'33.661""N","103°43'56.960""W",33-105-02727
417,INC.,Atlanta Federal 6-6H (Atlanta 14 Well Eco Pad),"48°06'33.661""N","103°43'47.971""W",33-105-02727
418,INC.,Atlanta Federal 6-6H (Atlanta 14 Well Eco Pad),"48°06'33.661""N","103°43'47.971""W",33-105-02727
419,INC.,Atlanta Federal 6-6H (Atlanta 14 Well Eco Pad),"48°06'33.661""N","103°43'56.960""W",33-105-02727
420,INC.,Atlanta Federal 6-6H (Atlanta 14 Well Eco Pad),"48°06'33.661""N","103°43'47.971""W",33-105-02727
421,INC.,Atlanta Federal 6-6H (Atlanta 14 Well Eco Pad),"48°06'33.661""N","103°43'47.971""W",33-105-02727
422,INC.,Atlanta Federal 6-6H,"48°06'33.379""N","103°43'56.960""W",33-105-02727
423,INC.,Atlanta Federal 6-6H,"48°06'33.379""N","103°43'47.971""W",33-105-02727
424,INC.,Atlanta Federal 6-6H,"48°06'33.379""N","103°43'47.971""W",33-105-02727
425,INC.,Atlanta Federal 6-6H,"48°06'33.661""N","103°43'56.960""W",33-105-02727
426,INC.,Atlanta Federal 6-6H,"48°06'33.661""N","103°43'47.971""W",33-105-02727
427,INC.,Atlanta Federal 6-6H,"48°06'33.661""N","103°43'47.971""W",33-105-02727
428,INC.,Atlanta Federal 6-6H,"48°06'33.661""N","103°43'56.960""W",33-105-02727
429,INC.,Atlanta Federal 6-6H,"48°06'33.661""N","103°43'47.971""W",33-105-02727
430,INC.,Atlanta Federal 6-6H,"48°06'33.661""N","103°43'47.971""W",33-105-02727
431,INC.,Atlanta Federal 6-6H,"48°06'33.379""N","103°43'56.960""W",33-105-02727
432,INC.,Atlanta Federal 6-6H,"48°06'33.379""N","103°43'47.971""W",33-105-02727
433,INC.,Atlanta Federal 6-6H,"48°06'33.379""N","103°43'47.971""W",33-105-02727
434,INC.,Atlanta Federal 6-6H,"48°06'33.661""N","103°43'56.960""W",33-105-02727
435,INC.,Atlanta Federal 6-6H,"48°06'33.661""N","103°43'47.971""W",33-105-02727
436,INC.,Atlanta Federal 6-6H,"48°06'33.661""N","103°43'47.971""W",33-105-02727
437,INC.,Atlanta Federal 6-6H,"48°06'33.661""N","103°43'56.960""W",33-105-02727
438,INC.,Atlanta Federal 6-6H,"48°06'33.661""N","103°43'47.971""W",33-105-02727
439,INC.,Atlanta Federal 6-6H,"48°06'33.661""N","103°43'47.971""W",33-105-02727
440,INC.,Atlanta Federal 6-6H,"48°06'33.379""N","103°43'56.960""W",33-105-02727
441,INC.,Atlanta Federal 6-6H,"48°06'33.379""N","103°43'47.971""W",33-105-02727
442,INC.,Atlanta Federal 6-6H,"48°06'33.379""N","103°43'47.971""W",33-105-02727
443,INC.,Atlanta Federal 6-6H,"48°06'33.661""N","103°43'56.960""W",33-105-02727
444,INC.,Atlanta Federal 6-6H,"48°06'33.661""N","103°43'47.971""W",33-105-02727
445,INC.,Atlanta Federal 6-6H,"48°06'33.661""N","103°43'47.971""W",33-105-02727
446,INC.,Atlanta Federal 6-6H,"48°06'33.661""N","103°43'56.960""W",33-105-02727
447,INC.,Atlanta Federal 6-6H,"48°06'33.661""N","103°43'47.971""W",33-105-02727
448,INC.,Atlanta Federal 6-6H,"48°06'33.661""N","103°43'47.971""W",33-105-02727
449,INC.,Atlanta Federal 6-6H,"48°06'33.379""N","103°43'56.960""W",33-105-02727
450,INC.,Atlanta Federal 6-6H,"48°06'33.379""N","103°43'47.971""W",33-105-02727
451,INC.,Atlanta Federal 6-6H,"48°06'33.379""N","103°43'47.971""W",33-105-02727
452,INC.,Atlanta Federal 6-6H,"48°06'33.661""N","103°43'56.960""W",33-105-02727
453,INC.,Atlanta Federal 6-6H,"48°06'33.661""N","103°43'47.971""W",33-105-02727
454,INC.,Atlanta Federal 6-6H,"48°06'33.661""N","103°43'47.971""W",33-105-02727
455,INC.,Atlanta Federal 6-6H,"48°06'33.661""N","103°43'56.960""W",33-105-02727
456,INC.,Atlanta Federal 6-6H,"48°06'33.661""N","103°43'47.971""W",33-105-02727
457,INC.,Atlanta Federal 6-6H,"48°06'33.661""N","103°43'47.971""W",33-105-02727
458,INC.,Atlanta Federal 6-6H,"48°06'33.379""N","103°43'56.960""W",33-105-02727
459,INC.,Atlanta Federal 6-6H,"48°06'33.379""N","103°43'47.971""W",33-105-02727
460,INC.,Atlanta Federal 6-6H,"48°06'33.379""N","103°43'47.971""W",33-105-02727
461,INC.,Atlanta Federal 6-6H,"48°06'33.661""N","103°43'56.960""W",33-105-02727
462,INC.,Atlanta Federal 6-6H,"48°06'33.661""N","103°43'47.971""W",33-105-02727
463,INC.,Atlanta Federal 6-6H,"48°06'33.661""N","103°43'47.971""W",33-105-02727
464,INC.,Atlanta Federal 6-6H,"48°06'33.661""N","103°43'56.960""W",33-105-02727
465,INC.,Atlanta Federal 6-6H,"48°06'33.661""N","103°43'47.971""W",33-105-02727
466,INC.,Atlanta Federal 6-6H,"48°06'33.661""N","103°43'47.971""W",33-105-02727
467,INC.,Atlanta Federal 6-6H,"48°06'33.379""N","103°43'56.960""W",33-105-02727
468,INC.,Atlanta Federal 6-6H,"48°06'33.379""N","103°43'47.971""W",33-105-02727
469,INC.,Atlanta Federal 6-6H,"48°06'33.379""N","103°43'47.971""W",33-105-02727
470,INC.,Atlanta Federal 6-6H,"48°06'33.661""N","103°43'56.960""W",33-105-02727
471,INC.,Atlanta Federal 6-6H,"48°06'33.661""N","103°43'47.971""W",33-105-02727
472,INC.,Atlanta Federal 6-6H,"48°06'33.661""N","103°43'47.971""W",33-105-02727
473,INC.,Atlanta Federal 6-6H,"48°06'33.661""N","103°43'56.960""W",33-105-02727
474,INC.,Atlanta Federal 6-6H,"48°06'33.661""N","103°43'47.971""W",33-105-02727
475,INC.,Atlanta Federal 6-6H,"48°06'33.661""N","103°43'47.971""W",33-105-02727
476,INC.,Atlanta Federal 6-6H,"48°06'33.379""N","103°43'56.960""W",33-105-02727
477,INC.,Atlanta Federal 6-6H,"48°06'33.379""N","103°43'47.971""W",33-105-02727
478,INC.,Atlanta Federal 6-6H,"48°06'33.379""N","103°43'47.971""W",33-105-02727
479,INC.,Atlanta Federal 6-6H,"48°06'33.661""N","103°43'56.960""W",33-105-02727
480,INC.,Atlanta Federal 6-6H,"48°06'33.661""N","103°43'47.971""W",33-105-02727
481,INC.,Atlanta Federal 6-6H,"48°06'33.661""N","103°43'47.971""W",33-105-02727
482,INC.,Atlanta Federal 6-6H,"48°06'33.661""N","103°43'56.960""W",33-105-02727
483,INC.,Atlanta Federal 6-6H,"48°06'33.661""N","103°43'47.971""W",33-105-02727
484,INC.,Atlanta Federal 6-6H,"48°06'33.661""N","103°43'47.971""W",33-105-02727
485,INC.,Atlanta Federal 6-6H,"48°06'33.379""N","103°43'56.960""W",33-105-02727
486,INC.,Atlanta Federal 6-6H,"48°06'33.379""N","103°43'47.971""W",33-105-02727
487,INC.,Atlanta Federal 6-6H,"48°06'33.379""N","103°43'47.971""W",33-105-02727
488,INC.,Atlanta Federal 6-6H,"48°06'33.661""N","103°43'56.960""W",33-105-02727
489,INC.,Atlanta Federal 6-6H,"48°06'33.661""N","103°43'47.971""W",33-105-02727
490,INC.,Atlanta Federal 6-6H,"48°06'33.661""N","103°43'47.971""W",33-105-02727
491,INC.,Atlanta Federal 6-6H,"48°06'33.661""N","103°43'56.960""W",33-105-02727
492,INC.,Atlanta Federal 6-6H,"48°06'33.661""N","103°43'47.971""W",33-105-02727
493,INC.,Atlanta Federal 6-6H,"48°06'33.661""N","103°43'47.971""W",33-105-02727
494,CONTINENTAL RESOURCES,Atlanta 2-6H (Atlanta 14 Well Eco Pad (2 of 14)),"48°06'33.669""N","103°43'52.907""W",33-105-02731
495,CONTINENTAL RESOURCES,Atlanta 2-6H (Atlanta 14 Well Eco Pad (2 of 14)),"48°06'33.669""N","103°43'52.907""W",33-105-02731
496,CONTINENTAL RESOURCES,Atlanta 2-6H (Atlanta 14 Well Eco Pad (2 of 14)),"48°06'33.669""N","103°43'52.907""W",33-105-02731
497,CONTINENTAL RESOURCES,Atlanta 2-6H (Atlanta 14 Well Eco Pad (2 of 14)),"48°06'33.669""N","103°43'52.907""W",33-105-02731
498,CONTINENTAL RESOURCES,Atlanta 2-6H (Atlanta 14 Well Eco Pad (2 of 14)),"48°06'33.669""N","103°43'52.907""W",33-105-02731
499,CONTINENTAL RESOURCES,Atlanta 2-6H (Atlanta 14 Well Eco Pad (2 of 14)),"48°06'33.669""N","103°43'52.907""W",33-105-02731
500,CONTINENTAL RESOURCES,Atlanta 2-6H (Atlanta 14 Well Eco Pad (2 of 14)),"48°06'33.669""N","103°43'52.907""W",33-105-02731
501,CONTINENTAL RESOURCES,Atlanta 2-6H (Atlanta 14 Well Eco Pad (2 of 14)),"48°06'33.669""N","103°43'52.907""W",33-105-02731
502,CONTINENTAL RESOURCES,Atlanta 2-6H (Atlanta 14 Well Eco Pad (2 of 14)),"48°06'33.669""N","103°43'52.907""W",33-105-02731
503,CONTINENTAL RESOURCES,Atlanta 2-6H (Atlanta 14 Well Eco Pad (2 of 14)),"48°06'33.669""N","103°43'52.907""W",33-105-02731
504,CONTINENTAL RESOURCES,Atlanta 2-6H (Atlanta 14 Well Eco Pad (2 of 14)),"48°06'33.669""N","103°43'52.907""W",33-105-02731
505,CONTINENTAL RESOURCES,Atlanta 2-6H (Atlanta 14 Well Eco Pad (2 of 14)),"48°06'33.669""N","103°43'52.907""W",33-105-02731
506,CONTINENTAL RESOURCES,Atlanta 2-6H (Atlanta 14 Well Eco Pad (2 of 14)),"48°06'33.669""N","103°43'52.907""W",33-105-02731
507,CONTINENTAL RESOURCES,Atlanta 2-6H (Atlanta 14 Well Eco Pad (2 of 14)),"48°06'33.669""N","103°43'52.907""W",33-105-02731
508,CONTINENTAL RESOURCES,Atlanta 2-6H (Atlanta 14 Well Eco Pad (2 of 14)),"48°06'33.669""N","103°43'52.907""W",33-105-02731
509,CONTINENTAL RESOURCES,Atlanta 2-6H (Atlanta 14 Well Eco Pad (2 of 14)),"48°06'33.669""N","103°43'52.907""W",33-105-02731
510,INC.,Atlanta 2-6H (Atlanta 14 Well Eco Pad (2 of 14)),"48°06'33.669""N","103°43'52.907""W",33-105-02731
511,INC.,Atlanta 2-6H (Atlanta 14 Well Eco Pad (2 of 14)),"48°06'33.669""N","103°43'52.907""W",33-105-02731
512,INC.,Atlanta 2-6H (Atlanta 14 Well Eco Pad (2 of 14)),"48°06'33.669""N","103°43'52.907""W",33-105-02731
513,INC.,Atlanta 2-6H (Atlanta 14 Well Eco Pad (2 of 14)),"48°06'33.669""N","103°43'52.907""W",33-105-02731
514,INC.,Atlanta 2-6H (Atlanta 14 Well Eco Pad (2 of 14)),"48°06'33.669""N","103°43'52.907""W",33-105-02731
515,INC.,Atlanta 2-6H (Atlanta 14 Well Eco Pad (2 of 14)),"48°06'33.669""N","103°43'52.907""W",33-105-02731
516,INC.,Atlanta 2-6H (Atlanta 14 Well Eco Pad (2 of 14)),"48°06'33.669""N","103°43'52.907""W",33-105-02731
517,INC.,Atlanta 2-6H (Atlanta 14 Well Eco Pad (2 of 14)),"48°06'33.669""N","103°43'52.907""W",33-105-02731
518,INC.,Atlanta 2-6H (Atlanta 14 Well Eco Pad (2 of 14)),"48°06'33.669""N","103°43'52.907""W",33-105-02731
519,INC.,Atlanta 2-6H (Atlanta 14 Well Eco Pad (2 of 14)),"48°06'33.669""N","103°43'52.907""W",33-105-02731
520,INC.,Atlanta 2-6H (Atlanta 14 Well Eco Pad (2 of 14)),"48°06'33.669""N","103°43'52.907""W",33-105-02731
521,INC.,Atlanta 2-6H (Atlanta 14 Well Eco Pad (2 of 14)),"48°06'33.669""N","103°43'52.907""W",33-105-02731
522,INC.,Atlanta 2-6H (Atlanta 14 Well Eco Pad (2 of 14)),"48°06'33.669""N","103°43'52.907""W",33-105-02731
523,INC.,Atlanta 2-6H (Atlanta 14 Well Eco Pad (2 of 14)),"48°06'33.669""N","103°43'52.907""W",33-105-02731
524,INC.,Atlanta 2-6H (Atlanta 14 Well Eco Pad (2 of 14)),"48°06'33.669""N","103°43'52.907""W",33-105-02731
525,INC.,Atlanta 2-6H (Atlanta 14 Well Eco Pad (2 of 14)),"48°06'33.669""N","103°43'52.907""W",33-105-02731
526,OASIS PETROLEUM NORTH AMERICA LLC,Bray 5301 43-12H,"48°04'59.95""N","03°37'13.86""W",33-053-03936
527,OASIS PETROLEUM NORTH AMERICA LLC,Bray 5301 43-12H,"48°04'59.95""N","03°37'13.86""W",33-053-03937
528,OASIS PETROLEUM NORTH AMERICA LLC,Bray 5301 43-12H,"48°04'59.95""N","03°37'13.86""W",33-053-04981
529,OASIS PETROLEUM NORTH AMERICA LLC,Bray 5301 43-12H,"48°04'59.95""N","03°37'13.86""W",33-053-04071
530,OASIS PETROLEUM NORTH AMERICA LLC,Bray 5301 43-12H,"48°04'59.95""N","03°37'13.86""W",33-053-03609
531,OASIS PETROLEUM NORTH AMERICA LLC,Bray 5301 43-12H,"48°04'59.95""N","03°37'13.86""W",33-053-03911
532,OASIS PETROLEUM NORTH AMERICA LLC,Bray 5301 43-12H,"48°04'59.95""N","03°37'13.86""W",33-053-03912
533,OASIS PETROLEUM NORTH AMERICA LLC,Bray 5301 43-12H,"48°04'59.95""N","03°37'13.86""W",33-053-03936
534,OASIS PETROLEUM NORTH AMERICA LLC,Bray 5301 43-12H,"48°04'59.95""N","03°37'13.86""W",33-053-03937
535,OASIS PETROLEUM NORTH AMERICA LLC,Bray 5301 43-12H,"48°04'59.95""N","03°37'13.86""W",33-053-04981
536,OASIS PETROLEUM NORTH AMERICA LLC,Bray 5301 43-12H,"48°04'59.95""N","03°37'13.86""W",33-053-04071
537,OASIS PETROLEUM NORTH AMERICA LLC,Bray 5301 43-12H,"48°04'59.95""N","03°37'13.86""W",33-053-03609
538,OASIS PETROLEUM NORTH AMERICA LLC,Bray 5301 43-12H,"48°04'59.95""N","03°37'13.86""W",33-053-03911
539,OASIS PETROLEUM NORTH AMERICA LLC,Bray 5301 43-12H,"48°04'59.95""N","03°37'13.86""W",33-053-03912
540,CONTINENTAL RESOURCES,Atlanta 11-6H,"48°06'33.650""N","103°43'41.047""W",33-105-02722
541,CONTINENTAL RESOURCES,Atlanta 11-6H,"48°06'33.650""N","103°43'41.047""W",33-105-02722
542,CONTINENTAL RESOURCES,Atlanta 11-6H,"48°06'33.650""N","103°43'41.047""W",33-105-02722
543,CONTINENTAL RESOURCES,Atlanta 11-6H,"48°06'33.650""N","103°43'41.047""W",33-105-02722
544,CONTINENTAL RESOURCES,Atlanta 11-6H,"48°06'33.650""N","103°43'41.047""W",33-105-02722
545,CONTINENTAL RESOURCES,Atlanta 11-6H,"48°06'33.650""N","103°43'41.047""W",33-105-02722
546,CONTINENTAL RESOURCES,Atlanta 11-6H,"48°06'33.650""N","103°43'41.047""W",33-105-02722
547,CONTINENTAL RESOURCES,Atlanta 11-6H,"48°06'33.650""N","103°43'41.047""W",33-105-02722
548,CONTINENTAL RESOURCES,Atlanta 11-6H,"48°06'33.650""N","103°43'41.047""W",33-105-02722
549,CONTINENTAL RESOURCES,Atlanta 11-6H,"48°06'33.650""N","103°43'41.047""W",33-105-02722
550,CONTINENTAL RESOURCES,Atlanta 11-6H,"48°06'33.650""N","103°43'41.047""W",33-105-02722
551,CONTINENTAL RESOURCES,Atlanta 11-6H,"48°06'33.650""N","103°43'41.047""W",33-105-02722
552,CONTINENTAL RESOURCES,Atlanta 11-6H,"48°06'33.650""N","103°43'41.047""W",33-105-02722
553,CONTINENTAL RESOURCES,Atlanta 11-6H,"48°06'33.650""N","103°43'41.047""W",33-105-02722
554,CONTINENTAL RESOURCES,Atlanta 11-6H,"48°06'33.650""N","103°43'41.047""W",33-105-02722
555,CONTINENTAL RESOURCES,Atlanta 11-6H,"48°06'33.650""N","103°43'41.047""W",33-105-02722
556,INC.,Atlanta 11-6H,"48°06'33.650""N","103°43'41.047""W",33-105-02722
557,INC.,Atlanta 11-6H,"48°06'33.650""N","103°43'41.047""W",33-105-02722
558,INC.,Atlanta 11-6H,"48°06'33.650""N","103°43'41.047""W",33-105-02722
559,INC.,Atlanta 11-6H,"48°06'33.650""N","103°43'41.047""W",33-105-02722
560,INC.,Atlanta 11-6H,"48°06'33.650""N","103°43'41.047""W",33-105-02722
561,INC.,Atlanta 11-6H,"48°06'33.650""N","103°43'41.047""W",33-105-02722
562,INC.,Atlanta 11-6H,"48°06'33.650""N","103°43'41.047""W",33-105-02722
563,INC.,Atlanta 11-6H,"48°06'33.650""N","103°43'41.047""W",33-105-02722
564,INC.,Atlanta 11-6H,"48°06'33.650""N","103°43'41.047""W",33-105-02722
565,INC.,Atlanta 11-6H,"48°06'33.650""N","103°43'41.047""W",33-105-02722
566,INC.,Atlanta 11-6H,"48°06'33.650""N","103°43'41.047""W",33-105-02722
567,INC.,Atlanta 11-6H,"48°06'33.650""N","103°43'41.047""W",33-105-02722
568,INC.,Atlanta 11-6H,"48°06'33.650""N","103°43'41.047""W",33-105-02722
569,INC.,Atlanta 11-6H,"48°06'33.650""N","103°43'41.047""W",33-105-02722
570,INC.,Atlanta 11-6H,"48°06'33.650""N","103°43'41.047""W",33-105-02722
571,INC.,Atlanta 11-6H,"48°06'33.650""N","103°43'41.047""W",33-105-02722
572,CONTINENTAL RESOURCES,Atlanta 4-6H (Atlanta 14 Well Eco Pad),"48°06'33.667""N","103°43'51.581""W",33-105-02729
573,CONTINENTAL RESOURCES,Atlanta 4-6H (Atlanta 14 Well Eco Pad),"48°06'33.667""N","103°43'51.581""W",33-105-02729
574,CONTINENTAL RESOURCES,Atlanta 4-6H (Atlanta 14 Well Eco Pad),"48°06'33.667""N","103°43'51.581""W",33-105-02729
575,CONTINENTAL RESOURCES,Atlanta 4-6H (Atlanta 14 Well Eco Pad),"48°06'33.667""N","103°43'51.581""W",33-105-02729
576,CONTINENTAL RESOURCES,Atlanta 4-6H (Atlanta 14 Well Eco Pad),"48°06'33.667""N","103°43'56.960""W",33-105-02729
577,CONTINENTAL RESOURCES,Atlanta 4-6H (Atlanta 14 Well Eco Pad),"48°06'33.667""N","103°43'51.581""W",33-105-02729
578,CONTINENTAL RESOURCES,Atlanta 4-6H (Atlanta 14 Well Eco Pad),"48°06'33.667""N","103°43'51.581""W",33-105-02729
579,CONTINENTAL RESOURCES,Atlanta 4-6H (Atlanta 14 Well Eco Pad),"48°06'33.667""N","103°43'51.581""W",33-105-02729
580,CONTINENTAL RESOURCES,Atlanta 4-6H (Atlanta 14 Well Eco Pad),"48°06'33.667""N","103°43'51.581""W",33-105-02729
581,CONTINENTAL RESOURCES,Atlanta 4-6H (Atlanta 14 Well Eco Pad),"48°06'33.667""N","103°43'51.581""W",33-105-02729
582,CONTINENTAL RESOURCES,Atlanta 4-6H (Atlanta 14 Well Eco Pad),"48°06'33.667""N","103°43'51.581""W",33-105-02729
583,CONTINENTAL RESOURCES,Atlanta 4-6H (Atlanta 14 Well Eco Pad),"48°06'33.667""N","103°43'56.960""W",33-105-02729
584,CONTINENTAL RESOURCES,Atlanta 4-6H (Atlanta 14 Well Eco Pad),"48°06'33.667""N","103°43'51.581""W",33-105-02729
585,CONTINENTAL RESOURCES,Atlanta 4-6H (Atlanta 14 Well Eco Pad),"48°06'33.667""N","103°43'51.581""W",33-105-02729
586,CONTINENTAL RESOURCES,Atlanta 4-6H (Atlanta 14 Well Eco Pad),"48°06'33.667""N","103°43'51.581""W",33-105-02729
587,CONTINENTAL RESOURCES,Atlanta 4-6H (Atlanta 14 Well Eco Pad),"48°06'33.667""N","103°43'51.581""W",33-105-02729
588,CONTINENTAL RESOURCES,Atlanta 4-6H (Atlanta 14 Well Eco Pad),"48°06'33.667""N","103°43'51.581""W",33-105-02729
589,CONTINENTAL RESOURCES,Atlanta 4-6H (Atlanta 14 Well Eco Pad),"48°06'33.667""N","103°43'51.581""W",33-105-02729
590,CONTINENTAL RESOURCES,Atlanta 4-6H (Atlanta 14 Well Eco Pad),"48°06'33.667""N","103°43'56.960""W",33-105-02729
591,CONTINENTAL RESOURCES,Atlanta 4-6H (Atlanta 14 Well Eco Pad),"48°06'33.667""N","103°43'51.581""W",33-105-02729
592,CONTINENTAL RESOURCES,Atlanta 4-6H (Atlanta 14 Well Eco Pad),"48°06'33.667""N","103°43'51.581""W",33-105-02729
593,CONTINENTAL RESOURCES,Atlanta 4-6H (Atlanta 14 Well Eco Pad),"48°06'33.667""N","103°43'51.581""W",33-105-02729
594,CONTINENTAL RESOURCES,Atlanta 4-6H (Atlanta 14 Well Eco Pad),"48°06'33.667""N","103°43'51.581""W",33-105-02729
595,CONTINENTAL RESOURCES,Atlanta 4-6H (Atlanta 14 Well Eco Pad),"48°06'33.667""N","103°43'51.581""W",33-105-02729
596,CONTINENTAL RESOURCES,Atlanta 4-6H (Atlanta 14 Well Eco Pad),"48°06'33.667""N","103°43'51.581""W",33-105-02729
597,CONTINENTAL RESOURCES,Atlanta 4-6H (Atlanta 14 Well Eco Pad),"48°06'33.667""N","103°43'56.960""W",33-105-02729
598,CONTINENTAL RESOURCES,Atlanta 4-6H (Atlanta 14 Well Eco Pad),"48°06'33.667""N","103°43'51.581""W",33-105-02729
599,CONTINENTAL RESOURCES,Atlanta 4-6H (Atlanta 14 Well Eco Pad),"48°06'33.667""N","103°43'51.581""W",33-105-02729
600,CONTINENTAL RESOURCES,Atlanta 4-6H (Atlanta 14 Well Eco Pad),"48°06'33.379""N","103°43'51.581""W",33-105-02729
601,CONTINENTAL RESOURCES,Atlanta 4-6H (Atlanta 14 Well Eco Pad),"48°06'33.379""N","103°43'51.581""W",33-105-02729
602,CONTINENTAL RESOURCES,Atlanta 4-6H (Atlanta 14 Well Eco Pad),"48°06'33.379""N","103°43'51.581""W",33-105-02729
603,CONTINENTAL RESOURCES,Atlanta 4-6H (Atlanta 14 Well Eco Pad),"48°06'33.379""N","103°43'51.581""W",33-105-02729
604,CONTINENTAL RESOURCES,Atlanta 4-6H (Atlanta 14 Well Eco Pad),"48°06'33.379""N","103°43'56.960""W",33-105-02729
605,CONTINENTAL RESOURCES,Atlanta 4-6H (Atlanta 14 Well Eco Pad),"48°06'33.379""N","103°43'51.581""W",33-105-02729
606,CONTINENTAL RESOURCES,Atlanta 4-6H (Atlanta 14 Well Eco Pad),"48°06'33.379""N","103°43'51.581""W",33-105-02729
607,CONTINENTAL RESOURCES,Atlanta 4-6H (Atlanta 14 Well Eco Pad),"48°06'33.667""N","103°43'51.581""W",33-105-02729
608,CONTINENTAL RESOURCES,Atlanta 4-6H (Atlanta 14 Well Eco Pad),"48°06'33.667""N","103°43'51.581""W",33-105-02729
609,CONTINENTAL RESOURCES,Atlanta 4-6H (Atlanta 14 Well Eco Pad),"48°06'33.667""N","103°43'51.581""W",33-105-02729
610,CONTINENTAL RESOURCES,Atlanta 4-6H (Atlanta 14 Well Eco Pad),"48°06'33.667""N","103°43'51.581""W",33-105-02729
611,CONTINENTAL RESOURCES,Atlanta 4-6H (Atlanta 14 Well Eco Pad),"48°06'33.667""N","103°43'56.960""W",33-105-02729
612,CONTINENTAL RESOURCES,Atlanta 4-6H (Atlanta 14 Well Eco Pad),"48°06'33.667""N","103°43'51.581""W",33-105-02729
613,CONTINENTAL RESOURCES,Atlanta 4-6H (Atlanta 14 Well Eco Pad),"48°06'33.667""N","103°43'51.581""W",33-105-02729
614,CONTINENTAL RESOURCES,Atlanta 4-6H (Atlanta 14 Well Eco Pad),"48°06'33.667""N","103°43'51.581""W",33-105-02729
615,CONTINENTAL RESOURCES,Atlanta 4-6H (Atlanta 14 Well Eco Pad),"48°06'33.667""N","103°43'51.581""W",33-105-02729
616,CONTINENTAL RESOURCES,Atlanta 4-6H (Atlanta 14 Well Eco Pad),"48°06'33.667""N","103°43'51.581""W",33-105-02729
617,CONTINENTAL RESOURCES,Atlanta 4-6H (Atlanta 14 Well Eco Pad),"48°06'33.667""N","103°43'51.581""W",33-105-02729
618,CONTINENTAL RESOURCES,Atlanta 4-6H (Atlanta 14 Well Eco Pad),"48°06'33.667""N","103°43'56.960""W",33-105-02729
619,CONTINENTAL RESOURCES,Atlanta 4-6H (Atlanta 14 Well Eco Pad),"48°06'33.667""N","103°43'51.581""W",33-105-02729
620,CONTINENTAL RESOURCES,Atlanta 4-6H (Atlanta 14 Well Eco Pad),"48°06'33.667""N","103°43'51.581""W",33-105-02729
621,INC.,Atlanta 4-6H (Atlanta 14 Well Eco Pad),"48°06'33.667""N","103°43'51.581""W",33-105-02729
622,INC.,Atlanta 4-6H (Atlanta 14 Well Eco Pad),"48°06'33.667""N","103°43'51.581""W",33-105-02729
623,INC.,Atlanta 4-6H (Atlanta 14 Well Eco Pad),"48°06'33.667""N","103°43'51.581""W",33-105-02729
624,INC.,Atlanta 4-6H (Atlanta 14 Well Eco Pad),"48°06'33.667""N","103°43'51.581""W",33-105-02729
625,INC.,Atlanta 4-6H (Atlanta 14 Well Eco Pad),"48°06'33.667""N","103°43'56.960""W",33-105-02729
626,INC.,Atlanta 4-6H (Atlanta 14 Well Eco Pad),"48°06'33.667""N","103°43'51.581""W",33-105-02729
627,INC.,Atlanta 4-6H (Atlanta 14 Well Eco Pad),"48°06'33.667""N","103°43'51.581""W",33-105-02729
628,INC.,Atlanta 4-6H (Atlanta 14 Well Eco Pad),"48°06'33.667""N","103°43'51.581""W",33-105-02729
629,INC.,Atlanta 4-6H (Atlanta 14 Well Eco Pad),"48°06'33.667""N","103°43'51.581""W",33-105-02729
630,INC.,Atlanta 4-6H (Atlanta 14 Well Eco Pad),"48°06'33.667""N","103°43'51.581""W",33-105-02729
631,INC.,Atlanta 4-6H (Atlanta 14 Well Eco Pad),"48°06'33.667""N","103°43'51.581""W",33-105-02729
632,INC.,Atlanta 4-6H (Atlanta 14 Well Eco Pad),"48°06'33.667""N","103°43'56.960""W",33-105-02729
633,INC.,Atlanta 4-6H (Atlanta 14 Well Eco Pad),"48°06'33.667""N","103°43'51.581""W",33-105-02729
634,INC.,Atlanta 4-6H (Atlanta 14 Well Eco Pad),"48°06'33.667""N","103°43'51.581""W",33-105-02729
635,INC.,Atlanta 4-6H (Atlanta 14 Well Eco Pad),"48°06'33.667""N","103°43'51.581""W",33-105-02729
636,INC.,Atlanta 4-6H (Atlanta 14 Well Eco Pad),"48°06'33.667""N","103°43'51.581""W",33-105-02729
637,INC.,Atlanta 4-6H (Atlanta 14 Well Eco Pad),"48°06'33.667""N","103°43'51.581""W",33-105-02729
638,INC.,Atlanta 4-6H (Atlanta 14 Well Eco Pad),"48°06'33.667""N","103°43'51.581""W",33-105-02729
639,INC.,Atlanta 4-6H (Atlanta 14 Well Eco Pad),"48°06'33.667""N","103°43'56.960""W",33-105-02729
640,INC.,Atlanta 4-6H (Atlanta 14 Well Eco Pad),"48°06'33.667""N","103°43'51.581""W",33-105-02729
641,INC.,Atlanta 4-6H (Atlanta 14 Well Eco Pad),"48°06'33.667""N","103°43'51.581""W",33-105-02729
642,INC.,Atlanta 4-6H (Atlanta 14 Well Eco Pad),"48°06'33.667""N","103°43'51.581""W",33-105-02729
643,INC.,Atlanta 4-6H (Atlanta 14 Well Eco Pad),"48°06'33.667""N","103°43'51.581""W",33-105-02729
644,INC.,Atlanta 4-6H (Atlanta 14 Well Eco Pad),"48°06'33.667""N","103°43'51.581""W",33-105-02729
645,INC.,Atlanta 4-6H (Atlanta 14 Well Eco Pad),"48°06'33.667""N","103°43'51.581""W",33-105-02729
646,INC.,Atlanta 4-6H (Atlanta 14 Well Eco Pad),"48°06'33.667""N","103°43'56.960""W",33-105-02729
647,INC.,Atlanta 4-6H (Atlanta 14 Well Eco Pad),"48°06'33.667""N","103°43'51.581""W",33-105-02729
648,INC.,Atlanta 4-6H (Atlanta 14 Well Eco Pad),"48°06'33.667""N","103°43'51.581""W",33-105-02729
649,INC.,Atlanta 4-6H (Atlanta 14 Well Eco Pad),"48°06'33.379""N","103°43'51.581""W",33-105-02729
650,INC.,Atlanta 4-6H (Atlanta 14 Well Eco Pad),"48°06'33.379""N","103°43'51.581""W",33-105-02729
651,INC.,Atlanta 4-6H (Atlanta 14 Well Eco Pad),"48°06'33.379""N","103°43'51.581""W",33-105-02729
652,INC.,Atlanta 4-6H (Atlanta 14 Well Eco Pad),"48°06'33.379""N","103°43'51.581""W",33-105-02729
653,INC.,Atlanta 4-6H (Atlanta 14 Well Eco Pad),"48°06'33.379""N","103°43'56.960""W",33-105-02729
654,INC.,Atlanta 4-6H (Atlanta 14 Well Eco Pad),"48°06'33.379""N","103°43'51.581""W",33-105-02729
655,INC.,Atlanta 4-6H (Atlanta 14 Well Eco Pad),"48°06'33.379""N","103°43'51.581""W",33-105-02729
656,INC.,Atlanta 4-6H (Atlanta 14 Well Eco Pad),"48°06'33.667""N","103°43'51.581""W",33-105-02729
657,INC.,Atlanta 4-6H (Atlanta 14 Well Eco Pad),"48°06'33.667""N","103°43'51.581""W",33-105-02729
658,INC.,Atlanta 4-6H (Atlanta 14 Well Eco Pad),"48°06'33.667""N","103°43'51.581""W",33-105-02729
659,INC.,Atlanta 4-6H (Atlanta 14 Well Eco Pad),"48°06'33.667""N","103°43'51.581""W",33-105-02729
660,INC.,Atlanta 4-6H (Atlanta 14 Well Eco Pad),"48°06'33.667""N","103°43'56.960""W",33-105-02729
661,INC.,Atlanta 4-6H (Atlanta 14 Well Eco Pad),"48°06'33.667""N","103°43'51.581""W",33-105-02729
662,INC.,Atlanta 4-6H (Atlanta 14 Well Eco Pad),"48°06'33.667""N","103°43'51.581""W",33-105-02729
663,INC.,Atlanta 4-6H (Atlanta 14 Well Eco Pad),"48°06'33.667""N","103°43'51.581""W",33-105-02729
664,INC.,Atlanta 4-6H (Atlanta 14 Well Eco Pad),"48°06'33.667""N","103°43'51.581""W",33-105-02729
665,INC.,Atlanta 4-6H (Atlanta 14 Well Eco Pad),"48°06'33.667""N","103°43'51.581""W",33-105-02729
666,INC.,Atlanta 4-6H (Atlanta 14 Well Eco Pad),"48°06'33.667""N","103°43'51.581""W",33-105-02729
667,INC.,Atlanta 4-6H (Atlanta 14 Well Eco Pad),"48°06'33.667""N","103°43'56.960""W",33-105-02729
668,INC.,Atlanta 4-6H (Atlanta 14 Well Eco Pad),"48°06'33.667""N","103°43'51.581""W",33-105-02729
669,INC.,Atlanta 4-6H (Atlanta 14 Well Eco Pad),"48°06'33.667""N","103°43'51.581""W",33-105-02729
